Industry,Job Name,Website,Phone Number,Google Rating,# of Reviews,Base City,County,Address,Image,Index
Roofing,Platinum Roofing and Construction,,(607) 224-5632,4.7,101,Broome County,Broome,"176 Dimmick Hill Rd, Binghamton, NY 13905",https://www.strunkmedia.com/wp-content/uploads/2018/05/bigstock-222496366.jpg,10
Roofing,JKS Home Improvement,,(607) 224-8098,4.8,250,Sidney,Broome,"3400 E Main St, Endicott, NY 13760",https://www.strunkmedia.com/wp-content/uploads/2018/05/bigstock-222496366.jpg,9
Roofing,Dave Wagner Roofing LLC,,(607) 725-5242,4.6,15,Binghamton,Broome,"1058 Front St, Binghamton, NY 13905",https://www.strunkmedia.com/wp-content/uploads/2018/05/bigstock-222496366.jpg,8
Plumbing,"Auchinachie Services Plumbing, Heating & Cooling",,(607) 524-8531,4.8,4400,Binghamton,Broome,"42 Frederick St, Binghamton, NY 13901",https://www.strunkmedia.com/wp-content/uploads/2018/05/bigstock-222496366.jpg,7
Plumbing,Roto-Rooter Plumbing & Water Cleanup,,16077249585,4.8,222,Binghamton,Broome,"26 Towpath Rd, Binghamton, NY 13904",https://www.strunkmedia.com/wp-content/uploads/2018/05/bigstock-222496366.jpg,11
,Waterworks Plumbing Service Inc.,,16074441096,4.9,11,Binghamton,Broome,"435 Main St, Johnson City, NY 13790",https://www.strunkmedia.com/wp-content/uploads/2018/05/bigstock-222496366.jpg,6
,"Arctic Bear Heating, Air, Plumbing & Water Treatment",,,4.9,1346,Binghamton,Broome,"612 Vestal Pkwy W, Vestal, NY 13850",https://www.strunkmedia.com/wp-content/uploads/2018/05/bigstock-222496366.jpg,1
,J & K Plumbing & Heating Co,,16077721666,4.1,10,Binghamton,Broome,"24 Thorp St, Binghamton, NY 13905",https://www.strunkmedia.com/wp-content/uploads/2018/05/bigstock-222496366.jpg,4
Bathroom,Rome Bath Remodeling,https://romebathremodeling.com,(570) 283-3005,4.7,61,Endicott,Broome,"407 Airport Rd, Endicott, NY 13760",https://www.strunkmedia.com/wp-content/uploads/2018/05/bigstock-222496366.jpg,2
Handyman,607 Home Improvement,,,4.9,20,Binghamton,Broome,"157 Murray St, Binghamton, NY 13905",https://www.strunkmedia.com/wp-content/uploads/2018/05/bigstock-222496366.jpg,3
Masonry,Alliance Masonry Corporation,https://alliancemasonrycorp.com,(607) 639-1665,4.4,7,Chenango Forks,Broome,"2544 NY-12, Chenango Forks, NY 13746",https://www.strunkmedia.com/wp-content/uploads/2018/05/bigstock-222496366.jpg,13
Masonry,Precision Fence,,,5,31,Binghamton,Broome,,https://www.strunkmedia.com/wp-content/uploads/2018/05/bigstock-222496366.jpg,5
Gutters,"EcoPro Power Washing, Inc.",,(607) 306-1029,5,647,Binghamton,Broome,"2403 Vestal Pkwy W, Vestal, NY 13850",https://www.strunkmedia.com/wp-content/uploads/2018/05/bigstock-222496366.jpg,12
Windows,Window World of Binghamton,,(607) 224-5726,4.7,357,Binghamton,Broome,"753 Harry L Dr, Johnson City, NY 13790",https://www.strunkmedia.com/wp-content/uploads/2018/05/bigstock-222496366.jpg,18
Windows,Howard Quality Window & Siding,,(607) 785-8656,4.7,12,Endicott,Broome,"210 N Nanticoke Ave, Endicott, NY 13760",https://www.strunkmedia.com/wp-content/uploads/2018/05/bigstock-222496366.jpg,17
Pest Control,Ehrlich Pest Control - Johnson City,,(256) 415-4222,4.4,167,Johnson City,Broome,"270 Corliss Ave, Johnson City, NY 13790",https://www.strunkmedia.com/wp-content/uploads/2018/05/bigstock-222496366.jpg,15
Pest Control,Big R & J Exterminating,https://bigrandjexterminating.com,(607) 771-8855,4.5,45,Binghamton,Broome,"2 Cushman Blvd, Binghamton, NY 13901",https://www.strunkmedia.com/wp-content/uploads/2018/05/bigstock-222496366.jpg,14
Pest Control,Terminix,https://www.terminix.com,(607) 258-5823,4.5,351,Binghamton,Broome,"585 Conklin Rd, Binghamton, NY 13903",https://www.strunkmedia.com/wp-content/uploads/2018/05/bigstock-222496366.jpg,16
Decks,American Deck Builders,https://americandeckbuilder.com,(607) 648-3872,4.6,23,Broome County,Broome,,https://www.strunkmedia.com/wp-content/uploads/2018/05/bigstock-222496366.jpg,19
Decks,607 Home Improvement,,,4.9,16,Broome County,Broome,"157 Murray St, Binghamton, NY 13905",https://www.strunkmedia.com/wp-content/uploads/2018/05/bigstock-222496366.jpg,20
Painters,Brushes Over Broome LLC,https://brushesoverbroome.com,(607) 600-2966,5,96,Binghamton,Broome,"301 Smith Hill Rd, Binghamton, NY 13905",https://www.strunkmedia.com/wp-content/uploads/2018/05/bigstock-222496366.jpg,21
Carpet,Endwell Rug Co,,(607) 748-7366,4.3,73,Endwell,Broome,"3646 George F Hwy, Endwell, NY 13760",https://www.strunkmedia.com/wp-content/uploads/2018/05/bigstock-222496366.jpg,22
